{"cameraMode":{"drawMode":0,"name":"Shaded","section":"Shading Mode"},"sceneLighting":false,"audioPlay":false,"sceneViewState":{"showFog":true,"showMaterialUpdate":false,"showSkybox":false,"showFlares":true,"showImageEffects":true,"showParticleSystems":true},"in2DMode":false,"pivot":{"x":0.4139999449253082,"y":0.19705361127853394,"z":2.2060000896453859},"rotation":{"x":-0.20921878516674043,"y":0.09575111418962479,"z":-0.02058987319469452,"w":-0.9729520082473755},"size":0.25604724884033205,"orthographic":false}