{"cameraMode":{"drawMode":0,"name":"Shaded","section":"Shading Mode"},"sceneLighting":false,"audioPlay":false,"sceneViewState":{"showFog":true,"showMaterialUpdate":false,"showSkybox":false,"showFlares":true,"showImageEffects":true,"showParticleSystems":true},"in2DMode":false,"pivot":{"x":0.0,"y":1.049999475479126,"z":3.8774402141571047},"rotation":{"x":-0.20921878516674043,"y":0.09575111418962479,"z":-0.02058987319469452,"w":-0.9729520082473755},"size":1.4660255908966065,"orthographic":false}