{"cameraMode":{"drawMode":0,"name":"Shaded","section":"Shading Mode"},"sceneLighting":false,"audioPlay":false,"sceneViewState":{"showFog":true,"showMaterialUpdate":false,"showSkybox":false,"showFlares":true,"showImageEffects":true,"showParticleSystems":true},"in2DMode":false,"pivot":{"x":0.8355650901794434,"y":0.005018174648284912,"z":2.417440176010132},"rotation":{"x":-0.20921878516674043,"y":0.09575111418962479,"z":-0.02058987319469452,"w":-0.9729520082473755},"size":0.33242765069007876,"orthographic":false}