{"cameraMode":{"drawMode":0,"name":"Shaded","section":"Shading Mode"},"sceneLighting":false,"audioPlay":false,"sceneViewState":{"showFog":true,"showMaterialUpdate":false,"showSkybox":false,"showFlares":true,"showImageEffects":true,"showParticleSystems":true},"in2DMode":false,"pivot":{"x":0.08700001239776612,"y":0.0,"z":5.007440090179443},"rotation":{"x":-0.20921878516674043,"y":0.09575111418962479,"z":-0.02058987319469452,"w":-0.9729520082473755},"size":0.8660253882408142,"orthographic":false}